Ticker,final_score,rating,price,analyst_weighted_score,analyst_number,analyst_strong_buy,analyst_buy,analyst_hold,analyst_sell,analyst_under_perform,technical_score,vs50MA%,vs200MA%,RSI,VolSurge,1D%,1W%,1M%,AnnVol%,MaxDD%,RelStrength_AvgBench,RelStrength_vs_SPY,RelStrength_vs_DJI,RelStrength_vs_SPX,RelStrength_vs_IXIC,Flags
MSFT,73.63,Hold,517.82,85.38,55,39,14,2,0,0,56,2.3,3.7,63.8,1.0,1.7,4.7,3.3,26.0,-35.6,4.2,4.3,4.7,4.3,3.5,"Uptrend, MACD+, BeatingAvgBench, BeatingAllBench"
GOOGL,72.52,Hold,349.12,84.86,61,43,13,5,0,0,54,1.3,1.8,66.5,1.05,2.4,3.2,4.2,30.5,-30.1,2.7,2.8,3.2,2.8,2.1,"Uptrend, MACD+, BeatingAvgBench, BeatingAllBench"
SNPS,72.45,Hold,431.12,79.41,24,18,4,2,0,0,62,3.0,5.9,64.5,1.88,3.9,2.5,4.0,42.8,-43.9,2.0,2.1,2.5,2.1,1.4,"Uptrend, VolumeSurge, MACD+, BeatingAvgBench, BeatingAllBench"
GOOG,72.38,Hold,345.82,84.64,60,42,13,5,0,0,54,1.4,1.9,66.6,1.06,2.5,3.4,4.2,30.0,-29.6,2.9,3.0,3.4,3.0,2.3,"Uptrend, MACD+, BeatingAvgBench, BeatingAllBench"
AMAT,72.2,Hold,511.73,81.0,40,29,4,7,0,0,59,5.9,10.7,72.3,0.97,-0.1,10.7,15.8,46.7,-50.3,10.2,10.3,10.7,10.3,9.6,"Uptrend, Overbought(RSI), MACD+, BeatingAvgBench, BeatingAllBench"
AMZN,71.12,Hold,250.34,85.87,59,42,15,2,0,0,49,0.2,-1.7,70.3,0.97,1.5,1.7,-1.8,32.1,-31.7,1.2,1.3,1.7,1.3,0.6,"Overbought(RSI), MACD+, BeatingAvgBench, BeatingAllBench"
DDOG,70.88,Hold,275.32,80.8,46,31,10,3,1,1,56,5.3,16.7,56.5,0.7,2.5,7.8,23.0,53.0,-49.5,7.3,7.4,7.8,7.4,6.7,"Uptrend, MACD+, BeatingAvgBench, BeatingAllBench"
NVDA,70.77,Hold,230.56,86.62,61,48,10,2,1,0,47,1.4,4.2,55.2,0.84,1.4,3.9,6.0,44.2,-38.5,3.4,3.5,3.9,3.5,2.7,"Uptrend, BeatingAvgBench, BeatingAllBench"
META,70.02,Hold,733.69,84.03,62,46,8,7,1,0,49,-1.2,13.3,62.2,0.65,-0.7,-4.0,26.8,37.4,-34.7,-4.5,-4.4,-4.0,-4.4,-5.2,MACD+
RCL,69.78,Hold,267.27,75.64,29,18,4,7,0,0,61,8.5,1.6,80.1,1.3,2.5,13.9,0.6,42.4,-38.9,13.4,13.5,13.9,13.5,12.7,"Overbought(RSI), MACD+, BeatingAvgBench, BeatingAllBench"
TTWO,69.2,Hold,207.55,83.33,29,25,3,0,0,1,48,1.3,-4.6,68.2,0.94,2.3,0.6,-4.2,29.6,-28.6,0.1,0.2,0.6,0.2,-0.6,"MACD+, BeatingAvgBench"
CCL,68.95,Hold,24.74,76.92,29,18,6,5,0,0,57,8.2,5.3,79.6,1.28,-1.6,14.6,6.4,46.2,-44.1,14.2,14.2,14.6,14.3,13.5,"Overbought(RSI), BeatingAvgBench, BeatingAllBench"
PANW,68.79,Hold,398.25,77.31,55,32,10,11,1,1,56,3.5,10.1,56.1,0.88,2.5,2.0,9.9,41.6,-37.2,1.5,1.6,2.0,1.6,0.9,"Uptrend, MACD+, BeatingAvgBench, BeatingAllBench"
MRVL,68.35,Hold,262.64,82.59,46,32,9,5,0,0,47,1.1,10.9,75.3,0.63,-0.2,3.2,24.9,64.7,-61.9,2.7,2.8,3.2,2.8,2.1,"Uptrend, Overbought(RSI), MACD+, BeatingAvgBench, BeatingAllBench"
WING,67.38,Hold,105.79,77.63,28,19,4,5,0,0,52,3.7,-2.4,60.2,1.2,-2.7,8.8,-3.6,52.4,-77.7,8.3,8.4,8.8,8.4,7.7,"MACD+, BeatingAvgBench, BeatingAllBench"
MU,67.14,Hold,1065.77,83.9,49,36,9,3,0,1,42,-0.4,8.0,56.5,0.79,0.0,0.9,14.2,61.1,-58.9,0.4,0.5,0.9,0.5,-0.3,BeatingAvgBench
NBIX,66.57,Hold,141.43,78.95,28,20,4,4,0,0,48,1.2,-6.0,57.3,1.16,2.2,1.6,-9.8,34.6,-45.0,1.1,1.2,1.6,1.2,0.5,"MACD+, BeatingAvgBench, BeatingAllBench"
CRWD,66.43,Hold,264.61,77.38,53,30,10,12,0,1,50,2.6,16.9,68.0,0.6,0.7,1.5,23.0,48.3,-46.0,1.0,1.1,1.5,1.1,0.4,"Uptrend, MACD+, BeatingAvgBench, BeatingAllBench"
OKTA,66.39,Hold,209.29,77.31,44,25,9,10,0,0,50,3.5,19.7,70.7,0.77,2.2,-0.2,25.7,49.1,-50.6,-0.7,-0.6,-0.2,-0.6,-1.4,"Uptrend, Overbought(RSI), MACD+"
EQIX,66.19,Hold,1013.71,78.98,34,23,5,6,0,0,47,-1.6,-2.4,54.3,0.88,-0.1,-2.1,-1.4,27.1,-26.9,-2.5,-2.5,-2.1,-2.4,-3.2,"Downtrend, MACD+"
AMD,65.95,Hold,609.01,81.92,55,39,5,11,0,0,42,-1.0,16.3,52.8,0.61,0.2,-0.4,32.5,57.1,-65.5,-0.9,-0.8,-0.4,-0.8,-1.6,-
MA,65.7,Hold,554.06,81.5,40,27,9,4,0,0,42,-1.5,-3.8,26.4,1.09,-1.7,-1.5,-4.7,19.9,-22.5,-2.0,-1.9,-1.5,-1.9,-2.7,"Downtrend, Oversold(RSI)"
LITE,65.45,Hold,963.47,77.08,26,17,5,4,0,0,48,2.2,5.8,63.4,0.82,-1.0,4.5,10.9,72.3,-53.8,4.0,4.1,4.5,4.1,3.3,"Uptrend, MACD+, BeatingAvgBench, BeatingAllBench"
DIS,65.44,Hold,105.43,79.07,33,23,6,3,1,0,45,0.5,-1.0,55.6,0.86,-0.0,0.7,-0.8,26.1,-33.6,0.2,0.3,0.7,0.3,-0.5,BeatingAvgBench
ETN,65.38,Hold,432.58,77.63,28,19,5,3,0,1,47,-0.8,4.0,57.2,0.61,-0.1,-0.5,10.7,34.7,-36.6,-1.0,-0.9,-0.5,-0.9,-1.7,MACD+
TMO,65.38,Hold,680.28,76.97,28,19,4,4,0,1,48,1.4,7.1,54.8,0.71,0.1,1.8,13.3,27.3,-37.7,1.3,1.4,1.8,1.4,0.6,"Uptrend, BeatingAvgBench, BeatingAllBench"
DAL,65.2,Hold,83.64,80.0,25,19,5,0,0,1,43,0.4,3.5,46.2,0.8,-1.4,3.3,9.5,40.3,-48.5,2.8,2.9,3.3,2.9,2.1,"Uptrend, BeatingAvgBench, BeatingAllBench"
IQV,65.2,Hold,270.66,77.34,22,16,3,3,0,0,47,-0.0,2.2,47.3,0.89,0.6,-0.4,4.8,34.8,-48.3,-0.9,-0.8,-0.4,-0.8,-1.5,MACD+
PWR,65.16,Hold,647.07,79.27,31,24,1,5,0,1,44,0.4,2.9,52.4,0.8,-0.8,0.9,5.8,37.7,-36.0,0.5,0.5,0.9,0.6,-0.2,"Uptrend, BeatingAvgBench"
SMTC,65.13,Hold,178.9,77.88,16,14,1,1,0,0,46,2.0,15.9,60.1,0.6,-0.7,6.8,35.2,71.7,-69.6,6.3,6.4,6.8,6.4,5.7,"Uptrend, BeatingAvgBench, BeatingAllBench"
JAZZ,65.0,Hold,232.79,75.0,21,12,7,2,0,0,50,-1.4,-4.6,36.6,1.47,0.2,0.1,-4.5,32.4,-34.4,-0.4,-0.3,0.1,-0.3,-1.0,"Downtrend, MACD+"
V,65.0,Hold,360.66,81.0,40,27,9,3,0,1,41,-1.3,-3.1,25.3,0.95,-1.5,-1.3,-3.2,20.2,-21.3,-1.8,-1.7,-1.3,-1.7,-2.5,"Downtrend, Oversold(RSI)"
WMB,64.81,Hold,67.85,78.68,24,17,5,2,0,0,44,-2.9,-6.2,32.1,1.03,-1.1,-4.0,-9.8,24.1,-15.0,-4.5,-4.4,-4.0,-4.4,-5.1,"Downtrend, MACD+"
NOW,64.78,Hold,134.15,82.63,49,35,10,2,1,1,38,-1.0,-1.7,61.3,0.64,3.2,-3.9,-6.1,43.7,-65.9,-4.4,-4.3,-3.9,-4.3,-5.1,"Downtrend, MACD+"
UBER,64.75,Hold,68.89,79.92,51,33,9,8,1,0,42,-0.7,-6.2,58.6,0.75,-0.7,-0.5,-8.5,37.2,-35.0,-1.0,-0.9,-0.5,-0.9,-1.6,"Downtrend, MACD+"
DXCM,64.55,Hold,86.28,80.92,28,22,3,3,0,0,40,-1.3,-2.0,48.6,0.69,-0.4,-1.1,-4.3,44.7,-61.4,-1.6,-1.5,-1.1,-1.5,-2.3,"Downtrend, MACD+"
CRH,64.53,Hold,83.11,79.55,23,17,5,1,0,0,42,-2.1,-7.6,41.0,1.43,-1.7,-0.6,-8.9,30.8,-36.9,-1.1,-1.0,-0.6,-1.0,-1.7,Downtrend
NVT,64.47,Hold,162.08,76.79,18,15,1,1,0,1,46,0.2,4.2,59.8,0.63,0.2,2.1,10.1,42.6,-49.9,1.6,1.7,2.1,1.7,1.0,"Uptrend, MACD+, BeatingAvgBench, BeatingAllBench"
BROS,64.35,Hold,38.65,81.25,26,21,4,0,0,1,39,0.7,-12.8,61.0,0.99,1.5,1.2,-16.5,59.9,-56.5,0.8,0.8,1.2,0.9,0.1,"MACD+, BeatingAvgBench, BeatingAllBench"
XEL,64.32,Hold,70.64,75.86,19,13,4,2,0,0,47,0.3,-4.9,76.2,0.86,-0.1,1.2,-6.9,20.0,-24.9,0.7,0.8,1.2,0.8,0.0,"Overbought(RSI), MACD+, BeatingAvgBench, BeatingAllBench"
DHR,64.32,Hold,222.24,77.86,25,17,5,3,0,0,44,-0.4,4.0,30.7,1.03,-1.7,0.1,7.4,27.6,-42.5,-0.4,-0.3,0.1,-0.3,-1.1,-
MTZ,64.3,Hold,215.64,79.84,21,17,3,1,0,0,41,0.7,-7.3,69.9,0.96,2.5,1.3,-9.3,48.3,-53.3,0.8,0.9,1.3,0.9,0.1,"MACD+, BeatingAvgBench, BeatingAllBench"
XYZ,63.77,Hold,73.63,78.95,47,28,10,9,0,0,41,-2.3,-7.1,49.3,1.22,-0.6,-2.8,-5.5,50.7,-52.0,-3.3,-3.2,-2.8,-3.2,-3.9,"Downtrend, MACD+"
UAL,63.6,Hold,110.85,80.0,25,19,4,2,0,0,39,-1.4,0.3,41.7,0.89,-1.6,2.0,5.9,48.0,-52.5,1.6,1.6,2.0,1.7,0.9,"BeatingAvgBench, BeatingAllBench"
RGEN,63.47,Hold,194.03,75.78,22,15,3,4,0,0,45,2.3,8.9,48.7,0.68,-0.3,2.9,14.1,48.2,-51.7,2.4,2.5,2.9,2.5,1.8,"Uptrend, BeatingAvgBench, BeatingAllBench"
ECL,63.44,Hold,276.98,75.74,24,15,5,4,0,0,45,0.1,-0.6,24.2,0.97,-0.3,0.9,-1.2,19.9,-20.6,0.4,0.5,0.9,0.5,-0.3,"Oversold(RSI), BeatingAvgBench"
WMT,63.43,Hold,104.65,79.72,43,27,10,5,0,1,39,-3.2,-1.8,18.4,0.98,-2.0,-4.0,-1.2,22.5,-24.1,-4.5,-4.4,-4.0,-4.4,-5.2,Oversold(RSI)
LLY,63.37,Hold,1170.33,75.62,30,19,6,3,1,1,45,-0.5,0.0,39.3,1.33,-1.3,-1.6,0.9,34.9,-35.2,-2.1,-2.0,-1.6,-2.0,-2.7,-
GXO,63.16,Hold,44.63,75.93,17,12,4,1,0,0,44,-0.5,-3.3,49.0,0.86,-0.3,1.9,-3.3,38.1,-50.6,1.4,1.5,1.9,1.5,0.8,"Downtrend, MACD+, BeatingAvgBench, BeatingAllBench"
CYTK,63.07,Hold,66.37,75.78,22,13,7,2,0,0,44,0.8,-7.2,52.2,1.37,1.1,1.9,-7.0,70.7,-72.6,1.4,1.5,1.9,1.5,0.8,"MACD+, BeatingAvgBench, BeatingAllBench"
BA,62.98,Hold,186.12,77.63,28,18,6,4,0,0,41,-4.3,-9.2,51.5,1.48,-0.9,-5.6,-9.5,34.6,-49.8,-6.1,-6.0,-5.6,-6.0,-6.7,"Downtrend, MACD+"
VRTX,62.96,Hold,525.58,75.6,32,20,6,4,1,1,44,0.6,-1.0,41.5,0.93,-0.2,0.5,-4.1,28.9,-29.4,0.0,0.1,0.5,0.1,-0.6,BeatingAvgBench
EW,62.58,Hold,86.14,75.64,29,18,4,7,0,0,43,-1.2,-2.6,42.7,1.19,-2.2,-0.1,-5.1,30.2,-37.6,-0.6,-0.5,-0.1,-0.5,-1.3,Downtrend
ADSK,62.48,Hold,209.64,78.8,36,23,7,6,0,0,38,-0.9,-8.7,56.2,0.66,3.2,-2.3,-15.4,32.2,-43.4,-2.8,-2.7,-2.3,-2.7,-3.5,"Downtrend, MACD+"
SN,62.45,Hold,181.55,76.09,13,11,2,0,0,0,42,3.3,3.1,40.0,0.45,-0.5,6.3,3.8,46.7,-45.7,5.8,5.9,6.3,5.9,5.1,"BeatingAvgBench, BeatingAllBench"
DASH,62.24,Hold,184.09,77.73,45,26,9,10,0,0,39,-1.9,-11.5,63.2,1.04,-1.6,-0.6,-18.4,42.2,-48.2,-1.1,-1.0,-0.6,-1.0,-1.7,"Downtrend, MACD+"
AZO,62.17,Hold,2826.8,78.29,28,19,5,4,0,0,38,-1.7,-3.2,27.2,0.9,-1.7,-1.0,-4.7,24.5,-36.2,-1.5,-1.4,-1.0,-1.4,-2.1,"Downtrend, Oversold(RSI)"
DVN,62.05,Hold,46.33,81.41,29,23,3,3,0,0,33,-2.4,-4.2,31.2,0.52,-0.6,-6.0,-5.6,33.9,-52.0,-6.4,-6.4,-6.0,-6.3,-7.1,"Downtrend, MACD+"
EQT,61.87,Hold,48.9,77.78,26,18,4,4,0,0,38,-2.9,-7.6,27.7,0.9,0.0,-4.5,-12.0,34.2,-32.9,-5.0,-4.9,-4.5,-4.9,-5.7,"Downtrend, Oversold(RSI), MACD+"
CVS,61.83,Hold,85.99,79.05,27,18,7,2,0,0,36,-1.0,-6.9,27.2,0.96,-1.3,1.3,-11.9,33.9,-46.9,0.8,0.9,1.3,0.9,0.2,"Downtrend, Oversold(RSI), BeatingAvgBench, BeatingAllBench"
THC,61.8,Hold,257.03,75.0,23,14,5,4,0,0,42,-0.2,-2.8,45.5,0.53,-0.3,0.8,-3.3,39.7,-35.4,0.3,0.4,0.8,0.4,-0.4,"Downtrend, MACD+, BeatingAvgBench"
RHP,61.62,Hold,120.54,76.04,14,11,3,0,0,0,40,-0.6,-2.7,35.7,0.87,-1.3,0.0,-2.4,27.1,-35.4,-0.5,-0.4,0.0,-0.4,-1.1,Downtrend
FANG,61.6,Hold,184.43,78.66,31,21,5,5,0,0,36,-1.0,-6.8,43.2,0.37,0.3,-3.5,-9.2,33.6,-45.2,-3.9,-3.9,-3.5,-3.9,-4.6,"Downtrend, MACD+"
PCTY,61.57,Hold,142.56,76.61,21,15,3,3,0,0,39,-0.7,-4.1,47.2,0.65,0.3,-1.4,-8.7,36.9,-56.9,-1.9,-1.8,-1.4,-1.8,-2.6,"Downtrend, MACD+"
SNDK,61.46,Hold,1737.7,76.43,25,17,4,3,0,1,39,-1.9,6.1,60.2,0.53,0.5,-1.4,13.1,94.6,-56.5,-1.9,-1.8,-1.4,-1.8,-2.5,MACD+
ORCL,61.38,Hold,137.94,78.3,43,27,8,7,1,0,36,-1.9,-6.2,66.1,0.58,0.0,0.4,-2.4,50.2,-66.5,-0.1,0.0,0.4,0.0,-0.7,"Downtrend, MACD+"
EXE,61.38,Hold,84.46,76.97,28,18,5,5,0,0,38,-2.2,-9.4,41.3,0.79,0.3,-3.0,-15.5,30.2,-33.5,-3.5,-3.4,-3.0,-3.4,-4.1,"Downtrend, MACD+"
ORLY,61.37,Hold,85.39,76.28,29,18,5,6,0,0,39,-0.7,-1.7,29.0,0.55,-0.8,-0.9,-2.9,22.3,-23.9,-1.4,-1.3,-0.9,-1.3,-2.1,"Downtrend, Oversold(RSI)"
EPRT,61.1,Hold,25.86,79.17,20,16,3,1,0,0,34,-2.5,-9.9,32.4,0.74,-1.5,-2.9,-14.2,19.9,-25.7,-3.4,-3.3,-2.9,-3.3,-4.1,Downtrend
RPM,60.8,Hold,99.0,76.0,15,12,2,1,0,0,38,-0.6,-3.2,31.9,0.6,-1.0,1.4,-2.8,26.7,-34.1,0.9,1.0,1.4,1.0,0.2,"Downtrend, BeatingAvgBench, BeatingAllBench"
HWM,60.76,Hold,227.63,77.27,23,16,4,3,0,0,36,-0.6,-6.1,45.0,0.42,-1.5,-0.4,-10.7,34.6,-26.0,-0.8,-0.7,-0.3,-0.7,-1.5,Downtrend
AMT,60.66,Hold,164.18,76.43,25,15,7,3,0,0,37,-3.1,-5.9,27.4,0.97,-1.9,-1.7,-6.7,25.1,-33.8,-2.2,-2.1,-1.7,-2.1,-2.9,"Downtrend, Oversold(RSI)"
KNX,60.6,Hold,63.95,75.0,21,15,3,2,1,0,39,-2.2,-5.5,48.5,0.66,-0.4,-3.9,-4.2,35.7,-38.5,-4.4,-4.3,-3.9,-4.3,-5.0,"Downtrend, MACD+"
TYL,60.6,Hold,319.38,75.0,22,13,6,3,0,0,39,-2.1,-8.3,41.2,1.04,1.0,-2.7,-15.2,31.6,-58.1,-3.2,-3.1,-2.7,-3.1,-3.9,"Downtrend, MACD+"
CRM,60.49,Hold,228.82,76.15,55,32,6,15,0,2,37,-1.9,-4.7,50.8,0.72,1.5,-5.1,-11.4,38.1,-59.8,-5.6,-5.5,-5.1,-5.5,-6.2,"Downtrend, MACD+"
NFLX,60.2,Hold,69.68,75.0,51,28,7,15,1,0,38,-1.9,-9.4,58.4,0.83,-0.9,-2.3,-13.8,32.4,-50.1,-2.8,-2.7,-2.3,-2.7,-3.5,"Downtrend, MACD+"
GE,60.2,Hold,313.98,75.0,22,15,3,3,0,1,38,-1.7,-4.4,38.7,0.69,-1.3,-1.0,-5.2,30.0,-22.9,-1.5,-1.4,-1.0,-1.4,-2.2,Downtrend
AAPL,60.12,Hold,336.68,66.2,44,19,6,13,3,3,51,-0.3,3.1,46.2,0.94,2.2,0.2,3.6,26.3,-33.3,-0.3,-0.2,0.2,-0.2,-1.0,MACD+
VRT,60.08,Hold,242.99,80.13,29,22,3,4,0,0,30,-2.2,-4.7,47.5,0.55,-2.2,0.2,-5.1,63.2,-63.1,-0.2,-0.2,0.2,-0.2,-0.9,Downtrend
NTST,59.4,Neutral,17.77,75.0,20,14,2,4,0,0,36,-2.2,-8.8,27.4,0.97,-0.9,-2.6,-13.1,22.5,-27.7,-3.1,-3.0,-2.6,-3.0,-3.8,"Downtrend, Oversold(RSI)"
CEG,59.4,Neutral,253.03,75.0,22,13,6,3,0,0,36,-3.2,-7.5,38.6,1.44,-4.4,-2.4,-9.7,49.2,-52.3,-2.9,-2.8,-2.4,-2.8,-3.6,Downtrend
NEM,59.4,Neutral,115.83,75.0,23,15,5,2,1,0,36,-3.7,-7.7,44.3,0.7,-1.1,-3.8,-5.5,39.4,-37.1,-4.3,-4.2,-3.8,-4.2,-4.9,"Downtrend, MACD+"
FUTU,59.13,Neutral,111.11,75.89,18,13,3,2,0,0,34,-0.9,-4.5,30.6,0.93,-1.7,1.9,-6.9,61.0,-55.3,1.4,1.5,1.9,1.5,0.8,"Downtrend, BeatingAvgBench, BeatingAllBench"
BAC,58.68,Neutral,54.42,76.47,24,15,6,3,0,0,32,-2.6,-9.3,21.7,0.71,-1.0,-2.8,-12.2,25.4,-30.2,-3.3,-3.2,-2.8,-3.2,-4.0,"Downtrend, Oversold(RSI)"
HOOD,58.6,Neutral,112.69,75.0,29,18,6,3,1,1,34,-5.9,-0.7,27.6,1.53,-3.1,-6.4,8.9,67.9,-58.0,-6.9,-6.8,-6.4,-6.8,-7.6,"Oversold(RSI), VolumeSurge"
COF,57.8,Neutral,193.1,75.0,23,14,5,4,0,0,32,-2.4,-7.5,27.7,0.64,-1.7,-1.2,-8.6,33.6,-32.2,-1.6,-1.6,-1.1,-1.5,-2.3,"Downtrend, Oversold(RSI)"
SLB,57.75,Neutral,48.98,76.25,30,19,7,2,1,1,30,-4.4,-9.6,23.7,1.13,-1.8,-5.8,-14.3,32.1,-44.7,-6.3,-6.2,-5.8,-6.2,-7.0,"Downtrend, Oversold(RSI)"
OVV,57.01,Neutral,58.21,75.68,27,16,6,5,0,0,29,-2.5,-8.4,24.5,0.83,-1.0,-4.7,-12.6,37.1,-45.9,-5.2,-5.1,-4.7,-5.1,-5.8,"Downtrend, Oversold(RSI)"
APP,56.4,Neutral,292.61,77.33,33,20,7,6,0,0,25,-6.3,-7.0,20.0,1.21,-4.3,-6.6,-6.1,77.4,-60.2,-7.1,-7.0,-6.6,-7.0,-7.8,"Downtrend, Oversold(RSI)"
BOOT,56.15,Neutral,120.21,76.92,16,13,2,1,0,0,25,-3.7,-14.9,20.1,0.81,-1.4,-3.6,-19.2,49.6,-50.6,-4.1,-4.0,-3.6,-4.0,-4.7,"Downtrend, Oversold(RSI)"
EAT,55.4,Neutral,192.88,75.0,23,16,3,3,1,0,26,-5.5,-12.1,26.0,1.07,-3.1,-6.8,-17.6,46.9,-46.8,-7.3,-7.2,-6.8,-7.2,-7.9,"Downtrend, Oversold(RSI)"
CLSK,55.0,Neutral,13.06,75.0,14,10,4,0,0,0,25,-7.0,0.2,34.0,0.64,-1.8,-6.7,18.0,98.6,-72.4,-7.2,-7.1,-6.7,-7.1,-7.9,-
